cause_level_1,n_total,n_mapped,n_unmapped,pct_mapped,pct_unmapped
"Communicable, maternal, neonatal, and nutritional diseases",167,165,2,0.9880239520958084,0.011976047904191617
Injuries,493,443,50,0.8985801217038539,0.10141987829614604
Non-communicable diseases,3599,3368,231,0.9358155043067519,0.06418449569324812
