cause_level_1,n_total,n_mapped,n_unmapped,pct_mapped,pct_unmapped
"Communicable, maternal, neonatal, and nutritional diseases",39,26,13,0.6666666666666666,0.3333333333333333
Injuries,126,34,92,0.2698412698412698,0.7301587301587301
Non-communicable diseases,1255,828,427,0.6597609561752988,0.3402390438247012
